"INDEX"	"TRC"	"monomer_length"	"kmer"	"total_score"	"n_gap50"	"tarean_dir"	"graph_link"	"logo_link"	"number_of_arrays"	"min_array_length"	"max_array_length"	"median_array_length"	"type"	"SSRs"	"size_of_arrays"	"Consensus"	"Annotation"	"Total_size"	"TRC_with_link"
" 1"	"TRC_1"	" 412"	"19"	"0.2894332"	" 4"	"TRC_1.fasta_tarean"	"<img border=\"0\" src=\"tidecluster_tarean/TRC_1.fasta_tarean/img/graph_19mer_20.png\" alt=\"tidecluster_tarean/TRC_1.fasta_tarean/img/graph_19mer_20.png\" width=\"200\" height=\"200\"></img>"	"<img border=\"0\" src=\"tidecluster_tarean/TRC_1.fasta_tarean/img/logo_19mer_20.png\" alt=\"tidecluster_tarean/TRC_1.fasta_tarean/img/logo_19mer_20.png\" width=\"200\" height=\"200\"></img>"	" 636"	"  5011"	"1442660"	" 16586.5"	"TR"	NA	"min:    5011<br>median: 16586<br>max:    1442660"	"<pre>TTATCCAAGTATAAGCATTGCCCACAGATACAAACAATTCCTACACACTGTTATAACCTGAGAAGCTTGAGAACATTGTC
TCTCAACTATGTTTTAGAGTTTAATGCTACAATGCAGTGAAGTGTAAGGCTTTACAAAGCTGCCTAATTGTGCTTATTTC
TCTCTTTCCAGCCCTGTATGACACACATTTAAAGTTCTAGGCTACTTTAAGTAAATAAATGAGGTTTCCTACACTGTTTA
ATGTGCTCTTAACTCTAATTAAGAAATTCCTTGATGTTAGATACCTTTCTACACAAACAACTTACTTGGAGCAGTGTTTT
CTACATGTTCTATGCGAGTTCTCCTCTATTTTCTGTCATTTTCTCTGAATTATTCATGTTTTCATGTAGTTTCCAATATT
AGGCCATG<pre>"	""	"29382731"	"<a href='tidecluster_tarean/TRC_1.fasta_tarean/report.html'>TRC_1</a>"
" 2"	"TRC_2"	"  20"	"11"	"0.4469075"	" 0"	"TRC_2.fasta_tarean"	"<img border=\"0\" src=\"tidecluster_tarean/TRC_2.fasta_tarean/img/graph_11mer_2.png\" alt=\"tidecluster_tarean/TRC_2.fasta_tarean/img/graph_11mer_2.png\" width=\"200\" height=\"200\"></img>"	"<img border=\"0\" src=\"tidecluster_tarean/TRC_2.fasta_tarean/img/logo_11mer_2.png\" alt=\"tidecluster_tarean/TRC_2.fasta_tarean/img/logo_11mer_2.png\" width=\"200\" height=\"200\"></img>"	"2094"	"  5001"	"2491920"	"  7843.5"	"TR"	NA	"min:    5001<br>median: 7844<br>max:    2491920"	"<pre>TGAGGTAACAATCCCCACTA<pre>"	""	"23974633"	"<a href='tidecluster_tarean/TRC_2.fasta_tarean/report.html'>TRC_2</a>"
" 4"	"TRC_4"	"1364"	"19"	"0.3796985"	"11"	"TRC_4.fasta_tarean"	"<img border=\"0\" src=\"tidecluster_tarean/TRC_4.fasta_tarean/img/graph_19mer_18.png\" alt=\"tidecluster_tarean/TRC_4.fasta_tarean/img/graph_19mer_18.png\" width=\"200\" height=\"200\"></img>"	"<img border=\"0\" src=\"tidecluster_tarean/TRC_4.fasta_tarean/img/logo_19mer_18.png\" alt=\"tidecluster_tarean/TRC_4.fasta_tarean/img/logo_19mer_18.png\" width=\"200\" height=\"200\"></img>"	" 119"	"  7353"	" 432565"	"  9816.0"	"TR"	NA	"min:    7353<br>median: 9816<br>max:    432565"	"<pre>TCGGCTAAACTTGAGAGTTTTGTTCCACTGACTCTGAAAGAAGTGGAGTCACAAGAAATTCACCAGGAAATTCAGGAATT
GGATTGTTATGATGATGTTCCAGAAGAGGTTGACAGATTGTCATTAAATAAATGAGTAAATTCTTGATACTGTAGGATTC
TCAGTTTGTCTGCTTTGTGTTGACAACTACCTTACTACCGTACCATATACAGGTAATAAATTTCCTTGATTTTCATTTAA
CAATAAATGTGTACCGTATTCTTCTTCATGGAAAAATAAGACAACCCCTGAAAATAAGACCTAGCCCATCTTTGGGAGCA
AAAATTAATATAAGACAATGTCTTATTTTCGGGGAAACAGGGTACCTCAGTAGGGGCGGGTCAGTGCCCCCAGAGTGGAA
AGTGATTTTCGGGCACTTGACGGATCTCTCCCCCACCCCCCGAAGTTAAAGCCCACAGACAGGGCCCTGGGGGTCTCAGG
CCTCTCCGTTGGGAGATGCCCCCAGGTGGTGGCGATGGGGGCCTCCGAGGCTCACGGAGCCCCTTGGCTGTCCGCAATTG
GGTGGGGCTGGTCTCCCCCTGCTTGTGGACCTGGGCCCTGGGTGGGAGGCAACCGGGGAGCAGAAGGCCATGTGCCCTTG
GGGCTTTTAGGCAAAGGACAGCACTTCCACAGGTGAGGAGCAGGGCAGCCTGGCCAGAGCTGCTAGCTCATTCATCCAAT
GAAGGAGGGTGAGGGGTTGCTGGAACCAGGGGGCGGGGCCAGGAGCAGAGCTGAAGGCGCTCAAGTCTATTAGGGGGCGG
GGCCAGGGCAACACCTGAAGGCAGTCTTGTCAACAAGGGGGCGGGGCCAGCTGAAGGGCAGGTTATTGTGATGTAAGCAG
GAGAAAAGCTGGTCACCAGGGAAACGGGGTGGGGGCGGGTGGGGGTGGTCAACAGTGAGGCCCAGTGCCAGGCAGCAGCG
ACCTGAACATGGAGGCTGGGGTTTTGGGGGGCTGGCTCGATCCTCAGCCAGAAGCTGCCAAGCCAAGGATGGATTGGGGC
CAGAGGCAACACCGGAAATGGTCCAGAGGATAAGGCCATGGGGCCCTGTGAATGAGGATGGGAGTCCCCAGTGTCCTCAA
AAGCCCCATCCTCCCGTGGTCCAGAATGGATGGCCAGCAACAAGTTCCCTTGTCCACAAGGAAGGGCTTTCCCCGTGAAT
GGGGCAGAAACCCGGCCCTCAAGGCCCAGCGACCAGTAAGTACCCTGTTTCCCCGAAAATAACATATCCTCCGAAAATAA
GATCTACTTGCAGTTTTGCTCCTGAATGAAATATAAGGGATCCCCCGAAAATGAGCCGCGCCCCGCCCCCCCC<pre>"	""	" 1757731"	"<a href='tidecluster_tarean/TRC_4.fasta_tarean/report.html'>TRC_4</a>"
" 6"	"TRC_6"	"  42"	" 7"	"0.5563902"	" 0"	"TRC_6.fasta_tarean"	"<img border=\"0\" src=\"tidecluster_tarean/TRC_6.fasta_tarean/img/graph_7mer_2.png\" alt=\"tidecluster_tarean/TRC_6.fasta_tarean/img/graph_7mer_2.png\" width=\"200\" height=\"200\"></img>"	"<img border=\"0\" src=\"tidecluster_tarean/TRC_6.fasta_tarean/img/logo_7mer_2.png\" alt=\"tidecluster_tarean/TRC_6.fasta_tarean/img/logo_7mer_2.png\" width=\"200\" height=\"200\"></img>"	"  50"	"  5179"	" 109718"	" 14287.0"	"TR"	NA	"min:    5179<br>median: 14287<br>max:    109718"	"<pre>TCCTGCCCTGGAGGACACTCACAGGTGAGCACTCCCACCGGG<pre>"	""	" 1112479"	"<a href='tidecluster_tarean/TRC_6.fasta_tarean/report.html'>TRC_6</a>"
" 7"	"TRC_7"	"1827"	"19"	"0.5110658"	" 0"	"TRC_7.fasta_tarean"	"<img border=\"0\" src=\"tidecluster_tarean/TRC_7.fasta_tarean/img/graph_19mer_35.png\" alt=\"tidecluster_tarean/TRC_7.fasta_tarean/img/graph_19mer_35.png\" width=\"200\" height=\"200\"></img>"	"<img border=\"0\" src=\"tidecluster_tarean/TRC_7.fasta_tarean/img/logo_19mer_35.png\" alt=\"tidecluster_tarean/TRC_7.fasta_tarean/img/logo_19mer_35.png\" width=\"200\" height=\"200\"></img>"	"   2"	"126096"	" 243431"	"184763.5"	"TR"	NA	"min:    126096<br>median: 184764<br>max:    243431"	"<pre>AATCCCCCCACACACACCCCGCCCCAGCCCCCCACAAACACTCCAACTTTCCCAACTCAGCTTTCCCCGACGGCACGGGA
CGGCTCCCCGTCCTCGCCACCAGGGTCCCAGCGTTCAGGAGAGCAGAGTTGGACCTGTGTCTGCCTGATGGGCTGAGTGT
CCTGGCAAAGCCATTGTGTCCTCCTGGGCCTTCCCGGGGACCCTACGGACACACGAGGGAGGGGTGATGCGAGAAACCAT
TTTCTGGAGACCTGGGCAGGCGTCTCTGACTGACAACCCGCCAGCCCTGCGGGCGGTGGGACGTGTGCCGGATGGGATGC
AAACACTGGGAGGCGGCCAAAGTCCAAGACGGGCTTGGCTGCGGCCTGAACGGCCACTTCAAACACACAGGCCCGGCTCT
CAGCACCCACCGTGATCCTGGCCGAGGGCCAGCGCTCTGGGCCCCCTTGAGAAGGGTGCACCCGTCCCCTTCGTAGGTCC
ATAGGTCCGAGGGAGAAACGAAGGCAAGGGAGGTGTGAGCGCCCGTCCGAGCCACCTGACCTTCCGCGGTCTCCCGGGAC
ATGTGGCATCAGGCCTCGGGCTTGCCCTGGGCCTCCGCACCGGCCCTGGCCCCTGCCTTGGCACATGCCCATGTTTTGGC
CACCACTAAGCCTTTCCCCACTGATTGGCTTCCCCACAAGCAGGGGCTGCCCTGGGGATGTGAAGAGGAGGAGGAATCCC
TAGGGGAGCCCGGCTGGGGAGGGCACCCCCTGCCGGCTACCCGGCACATCGCACCCCCACCGGCGGAGGGTGCTGGGTGG
GCGGGCCGGCCGGCGGGCGGGCGGGCGGGCGGGAGCTGCCCTCTGCCACCTCGCCTCTCCCTGAAGGTCAGAAGGGAGGC
GGGCGGGCGGCAGCTGAGGGCTCAGCAGGGAGAGATGTGGTCCCTGCGAGAGGGCGGGCAGGGCGGAGGGTGGAGGGCGC
TGAGGGCGCTGAGGGAGCTGAGCCCCCAGGCCAGGCTGGGGGTGGCGCCGGCGCGGGCTCTTGAGGCTCCCGGAGGCCGG
CTCCTGCGTCTACGGCCATACCACCCTGAACGCGCCCGATCTCGTCTGATCTCGGAAGCTAAGCAGGGTCGGGCCTGGTT
AGTACTTGGATGGGAGACCGCCTGGGAATACCGGGTGCTGTAGGCTTTTGCTGTGGCTTTTGCTTTGGCTCCGAGGAGCA
GCCGCACTTTTGCAGCCAGCCCCAGCCTCCCTTTGGCGGCCTGCGTGGCTGGGTCGGGGGAACCTCCCTTCGGAACTCAG
CCCCCCGCCCCGGGAGTGGGCGCGCGCACGCGCTCGCGCACAGACACACGTACACACTCACTCTGTCTCACACACACACA
CGCACACGCACACGCACGCACACAGTGGCAAGGACGGATAGGATGCCCTCAAGCGCTCGCGGCTGCGGCCTCCCTGGGAT
TGGCCGGCGCTAGGCTGGCATAGGTTACCTGAGGCTACTCACTGCTGAGTGACAGCAGGCGTCAGAGGGGAGACCAGAGC
CACTGTGTGCGGTGAGCGAGACAGCTTTTGTGGTAAGCTCTTCCAAAGACACCCCCTGACACCACCCGAGGACCAGAGGA
GGACGCCCTGCTGTCTCCAAGGTCTGCGGCCAAGTGAGGGGAGAGGGGCCTGTGTCCGGAACGCGGGTGCCCGGTGACCA
GAGTTCTAGATTCCGTACTGTCCTGCGACTGAGCGAGTGACGACAAGTGTGCAAGGTGCCGAGGCCTGGACGCTTTCCTT
TAAGCAGGCTTACCTGCAGACCCCTCGGGGCTTTGGACCCCCGGCCCTCCCCCCCAGCCCCCCCCCC<pre>"	""	"  369527"	"<a href='tidecluster_tarean/TRC_7.fasta_tarean/report.html'>TRC_7</a>"
" 8"	"TRC_8"	"  25"	" 7"	"0.4812701"	" 0"	"TRC_8.fasta_tarean"	"<img border=\"0\" src=\"tidecluster_tarean/TRC_8.fasta_tarean/img/graph_7mer_6.png\" alt=\"tidecluster_tarean/TRC_8.fasta_tarean/img/graph_7mer_6.png\" width=\"200\" height=\"200\"></img>"	"<img border=\"0\" src=\"tidecluster_tarean/TRC_8.fasta_tarean/img/logo_7mer_6.png\" alt=\"tidecluster_tarean/TRC_8.fasta_tarean/img/logo_7mer_6.png\" width=\"200\" height=\"200\"></img>"	"  39"	"  5010"	"  36335"	"  7065.0"	"TR"	NA	"min:    5010<br>median: 7065<br>max:    36335"	"<pre>ACACCCCAGACCAGTTCCCATGGAG<pre>"	""	"  348203"	"<a href='tidecluster_tarean/TRC_8.fasta_tarean/report.html'>TRC_8</a>"
" 9"	"TRC_9"	"1174"	"11"	"0.6915477"	" 0"	"TRC_9.fasta_tarean"	"<img border=\"0\" src=\"tidecluster_tarean/TRC_9.fasta_tarean/img/graph_11mer_9.png\" alt=\"tidecluster_tarean/TRC_9.fasta_tarean/img/graph_11mer_9.png\" width=\"200\" height=\"200\"></img>"	"<img border=\"0\" src=\"tidecluster_tarean/TRC_9.fasta_tarean/img/logo_11mer_9.png\" alt=\"tidecluster_tarean/TRC_9.fasta_tarean/img/logo_11mer_9.png\" width=\"200\" height=\"200\"></img>"	"   7"	"  8104"	"  75851"	" 18479.0"	"TR"	NA	"min:    8104<br>median: 18479<br>max:    75851"	"<pre>CCAACTCTGCATCTCACACACCTGTCACCCAACAACACCACCACAATCACCACAACATCACCACTGGTACCTTCATCTTA
CCTTCCATCTCTGACTCCGATGGCGCTAAGGACCTCATGTGAGTGGAATTACACAGTAGTTGTCTTCTTTCGACTGGCTT
TTGCACTACACATGTCAAGGTCCATGCACGTTATTTCACTTACCATAAGGCTCTCTCGGTCCATCCACGCTGTCACAAAT
AGTAAGATTCCCTTTGTCTTCACAGCCAAGCAGTATTCCATGATCTCAATGTAACAAAGCAATTTTTCTCAAGGCACAAG
GGATGCTTCCAGATCTTGGTATTCTACATAACACTGTAAATAACATAGCTGTGAATATATTCTTTCCCATCAATGTCGCT
GATTCCTTGAAATACATTCCCAGAAGTGGAACTGCTGTGCCATAAAGAAGTTCCATTTCAAATTTTGAGGTAACTTCGTA
CTGCTTTCCATACTGGCTGCCCAAAATGCATTCCCCACAGAGATGTGTGACCTTCTGCACAGGATGGTGAGCCCCTCGAA
GCTTCCCTGCTTTTCTTAATAGGTCGGTTGGGTAGCAAGGGGGAAGCAAGACTTGCCCACGGTTTCTCCATGAACCTCTC
ACCCCTGGCTCCTCTCATCACTGGGTCCAGAGGCCTGCTGGGAGCAGGATTTCAGGGGGCCTGAGCACCTCTGACCATGG
TTCTATTTGAAGACCTGGCCTTCCTTTCCTTTCTCTTTTTTTGGATAGTTTTATCAAAGATACATTTTCCATTCTCACTG
CTTTTCAATCCACAGTGCAGTGGCGTTAAGGACATCGATACTGTTGTGGGAACCAAACCACCATCATCTCCATCATGTTT
CCCATCTTCTCCAATGGAAACTCTGGCTCCATTAAAAAAACAACTCTGGCCGAAACCGGTTTGGCTCAGTGGATAGAGCA
TCGGCCTGAGGACTGAAAGTTCCCAGGTTCCATTCCGGTCAAGGACATGTATCTTCGTTGCGTGTACAACCCTAGTAGAA
GGAGTGCAGGAGGCACCTGATCCATGATTCTCCCTCATCGATGTTTCTAACTCTCTATCCCCCTCTCTTCCTCTCTGTAA
AAAATCTATGAAATGTTTTAAAAATTATAATAATGAATAAATAATCAATAAAAA<pre>"	""	"  166497"	"<a href='tidecluster_tarean/TRC_9.fasta_tarean/report.html'>TRC_9</a>"
"10"	"TRC_10"	"2346"	"19"	"0.9484879"	" 0"	"TRC_10.fasta_tarean"	"<img border=\"0\" src=\"tidecluster_tarean/TRC_10.fasta_tarean/img/graph_19mer_4.png\" alt=\"tidecluster_tarean/TRC_10.fasta_tarean/img/graph_19mer_4.png\" width=\"200\" height=\"200\"></img>"	"<img border=\"0\" src=\"tidecluster_tarean/TRC_10.fasta_tarean/img/logo_19mer_4.png\" alt=\"tidecluster_tarean/TRC_10.fasta_tarean/img/logo_19mer_4.png\" width=\"200\" height=\"200\"></img>"	"   1"	"145053"	" 145053"	"145053.0"	"TR"	NA	"min:    145053<br>median: 145053<br>max:    145053"	"<pre>AACATTTTGGGGTTATTTCTTCCTCGTTACTTCAACTGTCCTTTGGTTCTTTCATTTTTCTCTTTCATGGGTGCCATGTT
CTTTGGAAGATTATTTAGACCAAGTCAGTGGCCTTTGAGGTGTCCTCCAAGCCAATAGGAGTTTACATTTGGAATATTGG
CAATTATAAGTCACGGGCGGGGGCAAGCATCAGGATTTTAGAGATGCTTAGGTGGGGCATGGGCAACAAAAGGTTGGGAA
CCTCTGCTCTGGGTCTTTGGCCTTCAGCCCTCCGTCTCGTCCCGTGCCTGCTCAGCCATGCCTGACACCATGGCGCTCAG
TCTCCTCGTGCACAGAGCCCTCCACTGGGTCTTGCCTTGCACCCTTCTAGAAGCTCTCCTTCCTCCTTCCTCCAGCCATG
GGGTCTCTCCCAGATGATCTCCAGTCCCAGCTGGGCCTTGCTTCTGCTCTACTGCCCTCCAGGTGCACTGTGACCGCATC
AGTCCACCCTAAATTCCCCGTTGGTCACTCGTGTCTCCCTCAGCCTTTCTCCTCAACAGGCCTCGGTTCCAGGAACAGAG
CTTGGTGCTCCACGCCCTACTCACTCCAGGCGAATCCCGGGGTGCCACCCCCTATCCTCCGAGGACATTTCTTGGCTACA
TCCATTGGCTCGCTGTCTGCCTGGTCCAGGGTCCTTTGACCCCATTCTGACATTCTTGACTCTCATGCCTCCATCTCTAC
CACTCAGGGGCTCCTCTGCTCATGCTTCACCTCTCTGCCCAGGTCTCCTCTCTGCCACTTCCACGCAGTGATTCTCACCC
GAGGGTGCATGACCCCCCAAGGCGGCCTATCAGCAACATCTTTGGGTATTCTTTTTTTTGGAATTTTTTTTCGGTTTTGT
GGTTGGCAGCAGTGTGCTGCTCCCCCTCCGGATGTTGTGATAGGCCTCCCTTGGGGGTCGTGCCCACCCACCCCACCCCC
CTGGGGGGAAATCCCCTCCCCCCTCCCCCACCCCCCCCAGGGAAGAATCACTGCTGTGGAAGCCCATCCTGACTCCTGGG
CCGCACTCATCCTTGGGCCTCTAGCCTTCCATTGACACATTTTCCCCAAAGGTCCCAGCATTGGCACCATTCTCACACTG
TCCCGACACTGTCCTCTTGCACACACGCCATCCCTGTCCAAATGCCAGTCTGAAGACACACTCTTAGTTTTCCTGACGCC
ACGACCAAAATCCTAATGCACGCACACACATGAGCTACTCGTTCCTCCCTGCCTTTATGACTCTCGTGCCTTCTGCAAGT
ACCTCTGTCCACAACTTGGACCTTCTCAGCCCACGATATCATCCCTTTTTTCTACCTCCTCCCTCCTGCCAGAGCCCTGG
CATGATCCTTCCACACAGCCACACTGGTCCCCAGGCTTTTCCATGGGCCACTTCTCCACACCTCATCCTCCTGGGACCTC
ATCCCACCAGGCCGGCATTGCTTGTCTGCCTCACCCACTACTCTGTGATCTTCCCCTGGGTGGGTTCCTTCACACGCAGG
TGTCACTCAGGGGCTTAGACTTGCTGCCTTCTCCTAGTGGCCATCCCTGTTGCCCTTTCTGCCATTCTTTGGGTGCAGTG
CGTTGGTTGGTCCCCCTGTCCTTTCTCGCTCTTTTTCCCCTTTGGAATTTGTCCCCTCCTCTACGCTCTCCCACAGTTTG
AATCTGCTCACCTGATGGCCCAGCTCTTGGCACTGGGGTCATCATCTCTGCCGCTTTGCTTGTCTACCGCATACCTAGCA
AGTGAACTGTCCCTCCTGTGCCACGTGACTTTGCTGCAGTCACAGTCTTTGCATCTCCTGGCTGAAACCCATCATGTAGT
GTTCTGTGTGCTCCTTAAGTCATTGCCCACCTTCTTCACAGCCCAGTGCAGTCTCCTTGGCCTCGATATACTGTCCTGCA
TCAGCATGTTTGCCCAATGCCCTCTGCTCACATCCTGTGTACCCGCATTGCGATTTCCTCCCTGGAGGCAAACATGGTTC
CCGGTAACCTTTGCTTTCTCCACTGGGACCCCTCTGTTGCACATTGCTGGGACGCTGCCCCTGGGGAGCCTGTTGCGCTC
ATTCCCCTACCTCTGCTTTATCAGTCTAGGTCAGTGGTTCCAACCGTTCTCAGTGGGACAATTTGGATGAACGGGGCCTG
ATTTGAGAAGGAGTTATTAAGGGTGCATTTCTTGCACTACTTGTGGTTCTAGAGGCATCATATACAAGTACAGCCTAGAA
GTGTCTGTGGTGACGTATTGATGCACTTCAGTTCTCCGTGATAGGTTTTAAAAGATTACTTGTTCTAATTGGATATCACT
TGATAGTGTGATTTTTTTTTTTTTTT<pre>"	""	"  145053"	"<a href='tidecluster_tarean/TRC_10.fasta_tarean/report.html'>TRC_10</a>"
"11"	"TRC_11"	"  21"	" 7"	"0.4226624"	" 0"	"TRC_11.fasta_tarean"	"<img border=\"0\" src=\"tidecluster_tarean/TRC_11.fasta_tarean/img/graph_7mer_7.png\" alt=\"tidecluster_tarean/TRC_11.fasta_tarean/img/graph_7mer_7.png\" width=\"200\" height=\"200\"></img>"	"<img border=\"0\" src=\"tidecluster_tarean/TRC_11.fasta_tarean/img/logo_7mer_7.png\" alt=\"tidecluster_tarean/TRC_11.fasta_tarean/img/logo_7mer_7.png\" width=\"200\" height=\"200\"></img>"	"  10"	"  5091"	"  25286"	"  7875.0"	"TR"	NA	"min:    5091<br>median: 7875<br>max:    25286"	"<pre>GTGGGGGAAATACAACTTCCT<pre>"	""	"   99036"	"<a href='tidecluster_tarean/TRC_11.fasta_tarean/report.html'>TRC_11</a>"
"12"	"TRC_12"	"  33"	"11"	"0.5299836"	" 0"	"TRC_12.fasta_tarean"	"<img border=\"0\" src=\"tidecluster_tarean/TRC_12.fasta_tarean/img/graph_11mer_1.png\" alt=\"tidecluster_tarean/TRC_12.fasta_tarean/img/graph_11mer_1.png\" width=\"200\" height=\"200\"></img>"	"<img border=\"0\" src=\"tidecluster_tarean/TRC_12.fasta_tarean/img/logo_11mer_1.png\" alt=\"tidecluster_tarean/TRC_12.fasta_tarean/img/logo_11mer_1.png\" width=\"200\" height=\"200\"></img>"	"   7"	"  5847"	"  17202"	" 12928.0"	"TR"	NA	"min:    5847<br>median: 12928<br>max:    17202"	"<pre>GTTCCGATTCCCCAGAACCTCGCTGGGTTCCTG<pre>"	""	"   85577"	"<a href='tidecluster_tarean/TRC_12.fasta_tarean/report.html'>TRC_12</a>"
"13"	"TRC_13"	"4242"	"23"	"0.9939318"	" 0"	"TRC_13.fasta_tarean"	"<img border=\"0\" src=\"tidecluster_tarean/TRC_13.fasta_tarean/img/graph_23mer_7.png\" alt=\"tidecluster_tarean/TRC_13.fasta_tarean/img/graph_23mer_7.png\" width=\"200\" height=\"200\"></img>"	"<img border=\"0\" src=\"tidecluster_tarean/TRC_13.fasta_tarean/img/logo_23mer_7.png\" alt=\"tidecluster_tarean/TRC_13.fasta_tarean/img/logo_23mer_7.png\" width=\"200\" height=\"200\"></img>"	"   3"	" 10738"	"  45027"	" 19250.0"	"TR"	NA	"min:    10738<br>median: 19250<br>max:    45027"	"<pre>TGTGCGTCTGTGGGTCCATCTTCCTTTCCTCTGAATTTTCAACCTCCACTTTATTGGGAGGCTGGTAATTTGTCATAAGT
TAAGGGTCCAGGTAACCACGCATCGGGAGGTACACAAGAAATAAGAGAAAGAATTCAAACATAGCACTGCAGAAAGTCCT
CAACATGTTGGACAAGAGAGCGGTGTCAAACAAACAAAAACAAACAAACAAACAAACAAAAACGGAGGGGTGGGGGGAGA
GGAACAGAGGACTCTAAGGCAATCAGCAACCCAAACAATGACAAGAACACCTAAGTATCAAGAATCTCTTTACATGTAAA
TGGCGGACAAGCTCCCATTGCGATACAAATGGGGCCCTACCGGTGTGGCTCAGTAGGTTAGAGCCTCGTGTCAGGGATTG
GAAAGCTGAGGGCTCCATTCTGGGTCAAAGGAGTCCTGGTCAAGGGCACACACCTGGTTGCACGTTCTATCCCTGGCTCT
GCTCAGGGTGCTTTTGGGAGGCAATCAATCCATGTTTCTCTCACATCTCTCTCTGTCTCTGTCTCTGTCTTTGTCTCTCT
GTCTCTCTCTTTCTTTCTCTCTCTCTCTCTCTCTCTCTTTCTCATCAAAAAGTAACAACATTTCTTTAAAACGTTCTTAA
AAAGTAAAGAAACCGACATTTGCTCCACCACTGGTGTCCTACTCATGGTCTTTGGCTGAGGGAGCTGTACAGATATCCAC
AAGTCTGTCTCATAGAGCAGCCCACACTCCAAGGCAAAGAAAGGCCTGGTTCCCAATCCTCTCCCCCAAAGCCAAGCCAG
GCCCCTCTTCCCAGCTTTGCCCATCCAATCAGCAGCATGTGACACCTACTATTTTGCTTGTAACACCCTGTTTTTCCTTC
AGAGGTCATGGAGAAGGGAACCTCTGCACACAATTTATAAAACAAGGAATCGGTTGGGTTGTCCCTTGGGGACATCAGGG
ACATCCACTGTCGCGGTGACCCACGTGCTCCCAGGAAAGCAGAAATCACGGCCAGTTAGGGGAGACCCCACCCTGGGACA
GGGCGAGGCAGTTCAGAAGGTGAACTGAGTCTAGCAATGACATCTCATACTTTCCTTCCCTTTAGCATTTCGTCACCCAG
GTCACTGTCTCTCCTGTGCATTCTAGTAAAAGTCCCCTGGGGGCAGTCCTCTTAAGGGCAGGACCGAGGCTGTGTGTCCA
TTGAGGTCTCCCAGATCTGGGGACGTGCAGCGGGTGCAGTAGCTGCTCCATCAAACGACTAATCAATGATTGCGCCTCCC
CGCGCACCCTACCCCCAGGCCCTACACACCACGGGCACCCACACATGCACGCACGCATGCACTCACGCACGCACGCATGC
ACACGCAAACACACAGCTGCTTAAGGGGCGGGGCCTGAGGGAAGAGCCCCATAGGTTGTGACGTGTGGGTGGCGAGTGCC
TGCCACGAATTTAAGGAGGCGATCACAGGGCTGCTTGCCAGAGCGTCAAACGCAGAGGGCCCAGCAGCATCCAGGATGCA
AGAACCCGCGTCTCCCAGCGGTGAGTCTGGGCCAACCGTGAGGGCCTGGGATCCATAGGTGGGATCCTGTGGTGGGGGAT
GGAGACCGCTGGGCATCCGGGTCCGGGCCAGCTTCTCTGTCAGGCTTCTGGGGGGTGGGACGACACTGGCCGGGTGAGGG
CCGCGGGAGGGGAAGCCTGGGTGAGTCTGAGGGCCCCGCATTGCCTGGCTGTGGGCCCCGCAAAGAAGAACACGGGCGCT
GGCCCCAGGCTCTTTTGGGAGATGCGGACGCCGAGCCCTAGAGGGGCGGGTGGCCCGGGCGGGCAGGTGCCGTGTTGGGG
ACCCTGGGCCACATGTCACGCGCCCACGCACAAGCCAGCTGTTCCCACCCCCACCCCCCACCCCGCCCTCAAGACCGAAG
CCCCCACCTGCTCACAGGTGTGTGCGTGGCCCAGGCCCGTGGGGCTGAGGACAGCCCTGGGAGCTCCTCTGACTCCCTTT
CCCCCTTCTGCCAGGCTCCGGGCTGTCCCCGAGCGCCCCGAGGAAGAGGAGGCGGCGGGCGCGCACAGTGTTCAGCGAAG
AACAGCTGCGGGTCCTGGAGACATTCTTTAAGGGGAAACCCTATGGGACCTTTGATGAACGCGAGGCCCTGGCGGCCATG
CTGGATCTGCAGGAGTATCAAGTTCAGGTACAGCCCCGACCCCAACGCCAACGCCAACGCCAACCCCAACCCCAACCCCA
ACGCCGGGATCACCCCGTCCGCTCCCACTGCCTGCTGCCCGCCCACTATCCCAATCCATGCCCTACCTACCAGGTGCAGA
AAGGGGGTGAGGGTTGGGGGCGATAGGGGGGTGGGGGGAAGGGAGAGGGCTGAGATAGAAGGGCGTGGGAAGCGGGAGAC
CAGGCCAGAAGGACCTAGCGCTGCCCAGGGTCACCCGTGTGGTCCGGGGCCTGGCCCCCGAGTCCACCTCAGCCCTGTGT
GGGACAAACTAGCTAACACGATACAGCCCCTCGCTTCTTTCCACGCTCGCCCCCAGACCGCCGCGCCTCTGGGAACACGG
GGACGCTCTCAAGCAGACCCTTTCCCGGTTTCTGGGTGTCCTGCTCTTTGCGCCTATCCCGAGCCCACGCCAAACCGGGG
CCAATTGCCGGATCTGGGGGCGGAGAGAGAGGTTTTAGGCCGGCCCTTCTTCCCTGGGCCTCCTCACCCCCTGGCGGGCG
ATGGCAGGTGTGTGCACACAGAGTTTCTCCCCTCTCACACTTGCTCCCGTTCCCTTCCCTCTCTCCCTAGGTGTGGCTCA
AGAACCGCAGGGCCAAAGAGCGCAGGCTGCAGAGACCACCGCGCGGGCAGAGAAGCCCTGGAGCCCAGCACGCTTTGCCC
CAGGAACCGGGAGCCTGCGCCCCTCAGCCCGCGCCTGCGCCTGCGGAACCTGCCTTCCAGGAGGGCCTTGTGCTCCCTGC
CAGCCCCGTGCTCCCTCCGAACAGCCCCTGGCAAGTCTTGCCAGCAGCAGATGCCAGCGCCTCCAGCTACAGCCAGGCCC
GCTGGCACCCAGCCCAGGGCGTCTGGGACATGGTCCCCGCTGCACCTGCCCCTGCCCCTGCACCTGACCCTGCACCTGCT
GCCGTTCCCGCTCCCGCTCCCGCTCCCGCTCCAGCCGAGGCCACAGGCTGGCCTTGGGTCCCGGATGATGAAGACAACGC
CGAAGCCGCCCGGAATGCCTCCCCAAACCCTGATTTCACAGAGCTGCTCTCTGCCCTGGAGGGCTTGGAGGAGCCCTTCT
CCTCCCCCAGACCCTGGTATGTATGACTTTGTGGGCGACAGCGATGTGGAACTGTTCCAGTTACCGGGTCTCCAAGGGCT
TCCGTCCCCGCCAAGTCCTGCAGATGCCGCGGCACCCTAGGCGACCAGGGTGTGCGTCCACGCGGCGGAGCCCGGCGGGC
GGGCGCCAGAAGCGCTGGGCAGTGCGTCTTGGCCGCCAGTTGCTCTAAGCATCCACCTTGCCCCCACTGCGCACGCGCGT
GGTGTCGTGCACAGGGCGGGCAGGAGTCCCCAGGGCTGCACCTCCCTCGCCCAGGCTGCCCCCATTAGGAACTGCTGCCA
GAACTTTCCAAGGGACCCGGCCCAGCCTCCATGCTCCTCCTGGCAGCGCGCCGTGGCACCCAAGGGACTGGGATAGCTTT
TCCTGTCTGCACATCTGTGACTCCTGGCTGCCTTGTGCTTCTCCTATGGCATTCCCTGCACTCGCACAATGGACCCCCTC
CTCGCGGCAAAATTGGACACCAGGACGACTCCTCACGTGTTTGGGCTTTTATTGTAATAATGGCATGCATATGGGGCTCC
TTTTTCTTCATTAACTGCAGTTGACTGTTTCCTGGCAATGAAGTGTCACAAACATTTGTCCCGTCTGAATTTTTTTCAAT
CGGTAGAATTTCTGGATTTTAATGACTATTTCAGTGCTTCCCATTGCCTTTTCACATATCCGTTTGTCCGTTCCTTCTGT
GACACACTGATGCTGTAAAACCGAATGAATTTATTAATAAAAGTTAACAATGATTTTGACGAGGTGGTTTATTTTCAAAT
TGACATAAAACTCTACAGAAGCCCCCCTGTCCACCACTGTCTCTGCTTTCCCGGTTGTAAACAGTCCTTTTATACATCTA
GCAGTGAACGTGTGTGGTGTGAGTTGGGGCTTTAGCTTCTGGGTGGTTTTGGCGGCGGGGTATGTGTGTGTGTGTGTGTG
TG<pre>"	""	"   75015"	"<a href='tidecluster_tarean/TRC_13.fasta_tarean/report.html'>TRC_13</a>"
"14"	"TRC_14"	" 665"	"23"	"0.4311770"	" 0"	"TRC_14.fasta_tarean"	"<img border=\"0\" src=\"tidecluster_tarean/TRC_14.fasta_tarean/img/graph_23mer_19.png\" alt=\"tidecluster_tarean/TRC_14.fasta_tarean/img/graph_23mer_19.png\" width=\"200\" height=\"200\"></img>"	"<img border=\"0\" src=\"tidecluster_tarean/TRC_14.fasta_tarean/img/logo_23mer_19.png\" alt=\"tidecluster_tarean/TRC_14.fasta_tarean/img/logo_23mer_19.png\" width=\"200\" height=\"200\"></img>"	"   6"	"  9089"	"  16418"	"  9810.0"	"TR"	NA	"min:    9089<br>median: 9810<br>max:    16418"	"<pre>GTAGCAGCCAGGCCCGGAGCAGCAGCAGCAGGGGCCGGAGCAGCCAGGCCCGGAGTGGGAAGAAAGATAATATGCATAAA
GATAAGGAACAGTTGTCAAAGAAGATAAAAACAGAAAGTCCTTCACAATTGTTTGGGGGGAGATGAGGAAGGCCCAGAAA
GTACTCAAGGAAAAGGCTGCCATATCAGCCAAGATGCAGAGAATAAGCAAGAAAAGGCAATTCTTACAAGATGGTGAAGG
TGCCATTGTAGGCGCTGGTCTCTGCCACAGGGACATTGCTAAGCTTCTGGTTTTTGTGAAAAACCATACATGATAGTGTT
CTAAAACTGCAGGTGCAGAACTCACATATGTTTTTTGTGGAACTTGGTTCAGTTATTGGAGGGACATTCTCCTCTGAGTC
TGGTTATTGAGTTTTGGCAACTTCCATGTCAAAAGATAAAGCTTTTTTCTTCAGAGCCTGAACAGGCTCTCGATATTGAA
GGGCCATTTCAGGGTGTTTTATAGGAGCAATAGTCTACTGCTGGGTTACAGCATCAGTTACCAAAGCAGCCAGGCATGCA
GCAGCAGCAACCAGGGCCTGAGCAGCAAGAGCCAGGCCCGGAGCAGCCAGGCCCAGAGCAGCAGCACCCAGTCCCAGACC
AGCCAGTCCTGGAGCGGCCAGGCCC<pre>"	""	"   67699"	"<a href='tidecluster_tarean/TRC_14.fasta_tarean/report.html'>TRC_14</a>"
"15"	"TRC_15"	" 902"	"11"	"0.8598614"	" 0"	"TRC_15.fasta_tarean"	"<img border=\"0\" src=\"tidecluster_tarean/TRC_15.fasta_tarean/img/graph_11mer_16.png\" alt=\"tidecluster_tarean/TRC_15.fasta_tarean/img/graph_11mer_16.png\" width=\"200\" height=\"200\"></img>"	"<img border=\"0\" src=\"tidecluster_tarean/TRC_15.fasta_tarean/img/logo_11mer_16.png\" alt=\"tidecluster_tarean/TRC_15.fasta_tarean/img/logo_11mer_16.png\" width=\"200\" height=\"200\"></img>"	"   1"	" 62276"	"  62276"	" 62276.0"	"TR"	NA	"min:    62276<br>median: 62276<br>max:    62276"	"<pre>ACGATGTTGGTGAATTTCTCACTCATTTTGTTCAGATTTTCCAAGGAATGTTGGTTCGGGTTTTTTTTTTGGAATCATCA
TCGATCCCAACACGTTCTGCACAAAAAGCTTGGTTCAGACACATGGTGCCAACTGGCTGACCTTGGGGCAAGAAAGGCTT
ACCTTGATGACTTCCCCAGGGGCATGAGACAGACTGCAGCAAACACAGCTTCCAGGACCCTCCACGTCCGACCCTCAGGT
GGAGAGCAAGGTGGTCTCTTGTACGGACGGGGACAAGAGGCTTCTTATGACAACTCCACCTGAGAAGTGGACACAAAGCA
CAGGTGTGGTTGAGTAATGAGCCAGGCCCTCAGGAAACATCCCTTCCTTTTCGCTTACCTAGATCTAGCATCTGATTGTC
CCCTACTCCTGTCCCTGAGGAATGAGAGAGGGCAAGTGCACTTCCTGTGTGCAGGTATGACTTCCATTGAAAAGGTGGGT
TGCAAATATGGATGGGTGTGTGAGTACAGACCTTTTTATTCAAAAATGAAGCCCTGTGGGGAGTCTGGTGTAGCTCAGGG
TTTGAGCTTTGACCTATGCTCTAAGAGGTCATGGTTCAATTCTTAAGGCTCATGCCAGGCTATGGACTCAGAGGCCAGTG
GGGTCGTAAAGCAGGCAAACAATCAATGATATTCTCTCTCTTTCTATCTGTCTCTCTTTGTCTCTCTGTCTCTGTGTCAT
TCTCTCTACCATTGTCTCTAAAATCAATAAAACAATAAATATTATAATGGCCACCAACAGCAAGAAAATTCTCTTGGTTG
TTCCAAAACTGGGAGTTGTTGGCTTGCGTGTGAGAAGGGGAAGCTGTCCCTCACTCCTGTCTCTAGGATACTGAACGTGC
TGGACCTCAGTTACCGATGAGA<pre>"	""	"   62276"	"<a href='tidecluster_tarean/TRC_15.fasta_tarean/report.html'>TRC_15</a>"
"16"	"TRC_16"	"  71"	"11"	"0.5480864"	" 0"	"TRC_16.fasta_tarean"	"<img border=\"0\" src=\"tidecluster_tarean/TRC_16.fasta_tarean/img/graph_11mer_1.png\" alt=\"tidecluster_tarean/TRC_16.fasta_tarean/img/graph_11mer_1.png\" width=\"200\" height=\"200\"></img>"	"<img border=\"0\" src=\"tidecluster_tarean/TRC_16.fasta_tarean/img/logo_11mer_1.png\" alt=\"tidecluster_tarean/TRC_16.fasta_tarean/img/logo_11mer_1.png\" width=\"200\" height=\"200\"></img>"	"   7"	"  5026"	"  13297"	"  7923.0"	"TR"	NA	"min:    5026<br>median: 7923<br>max:    13297"	"<pre>CATTGAGGGGTGAGGGCAGGGAGGAGAGGGGACCCTCCATGGAGGTGACAGGATAGGGGATGGGAACCCTC<pre>"	""	"   61610"	"<a href='tidecluster_tarean/TRC_16.fasta_tarean/report.html'>TRC_16</a>"
"17"	"TRC_17"	"4238"	"23"	"0.9938155"	" 0"	"TRC_17.fasta_tarean"	"<img border=\"0\" src=\"tidecluster_tarean/TRC_17.fasta_tarean/img/graph_23mer_6.png\" alt=\"tidecluster_tarean/TRC_17.fasta_tarean/img/graph_23mer_6.png\" width=\"200\" height=\"200\"></img>"	"<img border=\"0\" src=\"tidecluster_tarean/TRC_17.fasta_tarean/img/logo_23mer_6.png\" alt=\"tidecluster_tarean/TRC_17.fasta_tarean/img/logo_23mer_6.png\" width=\"200\" height=\"200\"></img>"	"   3"	" 10721"	"  32096"	" 10738.0"	"TR"	NA	"min:    10721<br>median: 10738<br>max:    32096"	"<pre>TCCGTTTTTGTTTGTTTGTTTGTTTGTTTTTGTTTGTTTGACACCGCTCTCTTGTCCAACATGTTGAGGACTTTCTGCAG
TGCTATGTTTGAATTCTTTCTCTTATTTCTTGTGTACCTCCTGATGCGTGGTTACCTGGACCCTTAACTTATGACAAATT
ACCAGCCTCCCAATAAAGTGGAGGTTGAAAATTCAGAGGAAAGGAAGATGGACCCACAGACGCACACACACACACACACA
CATACCCCGCCGCCAAAACCACCCAGAAGCTAAAGCCCCAACTCACACCACACACGTTCACTGCTAGATGTATAAAAGGA
CTGTTTACAACCGGGAAAGCAGAGACAGTGGTGGACAGGGGGGCTTCTGTAGAGTTTTATGTCAATTTGAAAATAAACCA
CCTCGTCAAAATCATTGTTAACTTTTATTAATAAATTCATTCGGTTTTACAGCATCAGTGTGTCACAGAAGGAACAGACA
AACGGATATGTGAAAAGGCAATGGGAAGCACTGAAATAGTCATTAAAATCCAGAAATTCTACCGATTGAAAAAAATTCAG
ACCGGACAAATGTTTGTGACACTTCATTGCCAGGAAACAGTCAACTGCAGTTAATGAAGAAAAAGGAGCCCCATATGCAT
GCCATTATTACAATAAAAGCCCAAACACGTGAGGAGTCGTCCTGGTGTCCAATTTTGCCGCGAGGAGGGGGTCCATTGTG
CGAGTGCAGGGAATGCCATAGGAGAAGCACAAGGCAGCCAGGAGTCACAGATGTGCAGACAGGAAAAGCTATCCCAGTCC
CTTGGGTGCCACGGCGCGCTGCCAGGAGGAGCATGGAGGCTGGGCCGGGTCCCTTGGAAAGTTCTGGCAGCAGTTCCTAA
TGGGGGCAGCCTGGGCGAGGGAGGTGCAGCCCTGGGGACTCCTGCCAGCCCTGTGCACGACACCACGCGCGTGCGCAGTG
GGGGCAAGGTGGATGCTTAGAGCAACTGGCGGCCAAGACGCTCTGCCCAGCGCTTCTGGCGCCCGCCCGCCGGGCTCCGC
CGCGTGGACGCACACCCTGGTCGCCTAGGGTGCCGCGGCATCTGCAGGACTTGGCGGGGACGGAAGCCCTTGGAGACCCG
GTAACTGGAACAGTTCCACATCGCTGTCGCCCACAAAGTCATACATACCAGGGTCTGGGGGAGGAGAAGGGCTCCTCCAA
GCCCTCCAGGGCAGAGAGCAGCTCTGTGAAATCAGGGTTTGGGGAGGCATTCCGGGCGGCTTCGGCGTTGTCTTCATCAT
CCGGGACCCAAGGCCAGCCTGTGGCCTCGGCTGGAGCGGGAGCGGGAGCGGGAGCGGGAACGGCAGCAGGTGCAGGGTCA
GGTGCAGGGGCAGGGGCAGGTGCAGCGGGGACCATGTCCCAGACGCCCTGGGCTGGGTGCCAGCGGGCCTGGCTGTAGCT
GGAGGCGCTGGCATCTGCTGCTGGCAAGACTTGCCAGGGGCTGTTCGGAGGGAGCACGGGGCTGGCAGGGAGCACAAGGC
CCTCCTGGAAGGCAGGTTCCGCAGGCGCAGGCGCGGGCTGAGGGGCGCAGGCTCCCGGTTCCTGGGGCAAAGCGTGCTGG
GCTCCAGGGCTTCTCTGCCCGCGCGGTGGTCTCTGCAGCCTGCGCTCTTTGGCCCTGCGGTTCTTGAGCCACACCTAGGG
AGAGAGGGAAGGGAACGGGAGCAAGTGTGAGAGGGGAGAAACTCTGTGTGCACACACCTGCCATCGCCCGCCAGGGGGTG
AGGAGGCCCAGGGAAGAAGGGCCGGCCTAAAACCTCTCTCTCCGCCCCCAGATCCGGCAATTGGCCCCGGTTTGGCGTGG
GCTCGGGATAGGCGCAAAGAGCAGGACACCCAGAAACCGGGAAAGGGTCTGCTTGAGAGCGTCCCCGTGTTCCCAGAGGC
GCGGCGGTCTGGGGGCGAGCGTGGAAAGAAGCGAGGGGCTGTATCGTGTTAGCTAGTTTGTCCCACACAGGGCTGAGGTG
GACTCGGGGGCCAGGCCCCGGACCACACGGGTGACCCTGGGCAGCGCTAGGTCCTTCTGGCCTGGTCTCCCGCTTCCCAC
GCCCTTCTATCTCAGCCCTCTCCCTTCCCCCCACCCCCCTATCGCCCCCAACCCTCACCCCCTTTCTGCACCTGGTAGGT
AGGGCATGGATTGGGATAGTGGGCGGGCAGCAGGCAGTGGGAGCGGACGGGGTGATCCCGGCGTTGGGGTTGGGGTTGGG
GTTGGCGTTGGCGTTGGCGTTGGGGTCGGGGCTGTACCTGAACTTGATACTCCTGCAGATCCAGCATGGCCGCCAGGGCC
TCGCGTTCATCAAAGGTCCCATAGGGTTTCCCCTTAAAGAATGTCTCCAGGACCCGCAGCTGTTCTTCGCTGAACACTGT
GCGCGCCCGCCGCCTCCTCTTCCTCGGGGCGCTCGGGGACAGCCCGGAGCCTGGCAGAAGGGGGAAAGGGAGTCAGAGGA
GCTCCCAGGGCTGTCCTCAGCCCCACGGGCCTGGGCCACGCACACACCTGTGAGCAGGTGGGGGCTTCGGTCTTGAGGGC
GGGGTGGGGGGTGGGGGTGGGAACAGCTGGCTTGTGCGTGGGCGCGTGACATGTGGCCCAGGGTCCCCAACACGGCACCT
GCCCGCCCGGGCCACCCGCCCCTCTAGGGCTCGGCGTCCGCATCTCCCAAAAGAGCCTGGGGCCAGCGCCCGTGTTCTTC
TTTGCGGGGCCCACAGCCAGGCAATGCGGGGCCCTCAGACTCACCCAGGCTTCCCCTCCCGCGGCCCTCACCCGGCCAGT
GTCGTCCCACCCCCCAGAAGCCTGACAGAGAAGCTGGCCCGGACCCGGATGCCCAGCGGTCTCCATCCCCCACCACAGGA
TCCCACCTATGGATCCCAGGCCCTCACGGTTGGCCCAGACTCACCGCTGGGAGACGCGGGTTCTTGCATCCTGGATGCTG
CTGGGCCCTCTGCGTTTGACGCTCTGGCAAGCAGCCCTGTGATCGCCTCCTTAAATTCGTGGCAGGCACTCGCCACCCAC
ACGTCACAACCTATGGGGCTCTTCCCTCAGGCCCCGCCCCTTAAGCAGCTGTGTGTTTGCGTGTGCATGCGTGCGTGCGT
GAGTGCATGCGTGCGTGCATGTGTGGGTGCCCGTGGTGTGTAGGGCCTGGGGGTAGGGTGCGCGGGGAGGCGCAATCATT
GATTAGTCGTTTGATGGAGCAGCTACTGCACCCGCTGCACGTCCCCAGATCTGGGAGACCTCAATGGACACACAGCCTCG
GTCCTGCCCTTAAGAGGACTGCCCCCAGGGGACTTTTACTAGAATGCACAGGAGAGACAGTGACCTGGGTGACGAAATGC
TAAAGGGAAGGAAAGTATGAGATGTCATTGCTAGACTCAGTTCACCTTCTGAACTGCCTCGCCCTGTCCCAGGGTGGGGT
CTCCCCTAACTGGCCGTGATTTCTGCTTTCCTGGGAGCACGTGGGTCACCGCGACAGTGGATGTCCCTGATGTCCCCAAG
GGACAACCCAACCGATTCCTTGTTTTATAAATTGTGTGCAGAGGTTCCCTTCTCCATGACCTCTGAAGGAAAAACAGGGT
GTTACAAGCAAAATAGTAGGTGTCACATGCTGCTGATTGGATGGGCAAAGCTGGGAAGAGGGGCCTGGCTTGGCTTTGGG
GGAGAGGATTGGGAACCAGGCCTTTCTTTGCCTTGGAGTGTGGGCTGCTCTATGAGACAGACTTGTGGATATCTGTACAG
CTCCCTCAGCCAAAGACCATGAGTAGGACACCAGTGGTGGAGCAAATGTCGGTTTCTTTACTTTTTAAGAACGTTTTAAA
GAAATGTTGTTACTTTTTGATGAGAAAGAGAGAGAGAGAGAGAGAGAGAAAGAAAGAGAGAGACAGAGAGACAAAGACAG
AGACAGAGACAGAGAGAGATGTGAGAGAAACATGGATTGATTGCCTCCCAAAAGCACCCTGAGCAGAGCCAGGGATAGAA
CGTGCAACCAGGTGTGTGCCCTTGACCAGGACTCCTTTGACCCAGAATGGAGCCCTCAGCTTTCCAATCCCTGACACGAT
GCTCTAACCTACTGAGCCACACCGGTAGGGCCCCATTTGTATCGCAATGGGAGCTTGTCCGCCATTTACATGTAAAGAGA
TTCTTGATACTTAGGTGTTCTTGTCATTGTTTGGGTTGCTGATTGCCTTAGAGTCCTCTGTTCCTCTCCCCCCACCCC<pre>"	""	"   53555"	"<a href='tidecluster_tarean/TRC_17.fasta_tarean/report.html'>TRC_17</a>"
